Unnamed: 0,Unnamed: 0.1,user_name,text,library,restaurant,convience_store,cafe,cat
0,0,.,도서관 갈래?,0.9887588024139404,0.010820402763783932,0.00986461341381073,0.009988675825297832,0.011193336918950081
