Unnamed: 0,Unnamed: 0.1,user_name,text,library,restaurant,convience_store,cafe,cat
0,0,.,고양이,0.01203950121998787,0.011670531705021858,0.01113544125109911,0.013259124010801315,0.9851869940757751
