Unnamed: 0,Unnamed: 0.1,user_name,text,library,restaurant,convience_store,cafe,cat
0,0,.,여기 맛있네,0.0070067173801362514,0.9792337417602539,0.006871017161756754,0.007017468102276325,0.02734052948653698
